threads,response,throughput,utilization
1,0.629665,1.2585,0.251874
11,0.847201,3.9163,0.783535
21,2.0711,4.4672,0.893653
31,3.24031,3.9473,0.789634
41,3.50916,3.7953,0.759642
51,3.50916,3.7953,0.759642
61,3.50916,3.7953,0.759642
71,3.50916,3.7953,0.759642
81,3.50916,3.7953,0.759642
91,3.50916,3.7953,0.759642
101,3.50916,3.7953,0.759642
111,3.50916,3.7953,0.759642
121,3.50916,3.7953,0.759642
131,3.50916,3.7953,0.759642
141,3.50916,3.7953,0.759642
151,3.50916,3.7953,0.759642
161,3.50916,3.7953,0.759642
171,3.50916,3.7953,0.759642
181,3.50916,3.7953,0.759642
191,3.50916,3.7953,0.759642
