threads,response,throughput,utilization
1,0.604025,1.322,0.264509
11,1.10659,4.882,0.976808
21,2.85294,4.8046,0.961503
31,3.65396,4.7194,0.94399
41,3.65396,4.7194,0.94399
51,3.65396,4.7194,0.94399
61,3.65396,4.7194,0.94399
71,3.65396,4.7194,0.94399
81,3.65396,4.7194,0.94399
91,3.65396,4.7194,0.94399
101,3.65396,4.7194,0.94399
111,3.65396,4.7194,0.94399
121,3.65396,4.7194,0.94399
131,3.65396,4.7194,0.94399
141,3.65396,4.7194,0.94399
151,3.65396,4.7194,0.94399
161,3.65396,4.7194,0.94399
171,3.65396,4.7194,0.94399
181,3.65396,4.7194,0.94399
191,3.65396,4.7194,0.94399
