threads,response,throughput,utilization
1,0.479952,1.2396,0.24893
11,0.630421,3.8451,0.770543
21,1.23616,4.4447,0.88954
31,1.92485,3.9558,0.790832
41,2.05311,3.7985,0.759324
51,2.05311,3.7985,0.759324
61,2.05311,3.7985,0.759324
71,2.05311,3.7985,0.759324
81,2.05311,3.7985,0.759324
91,2.05311,3.7985,0.759324
101,2.05311,3.7985,0.759324
111,2.05311,3.7985,0.759324
121,2.05311,3.7985,0.759324
131,2.05311,3.7985,0.759324
141,2.05311,3.7985,0.759324
151,2.05311,3.7985,0.759324
161,2.05311,3.7985,0.759324
171,2.05311,3.7985,0.759324
181,2.05311,3.7985,0.759324
191,2.05311,3.7985,0.759324
